,Component,Description ,Category
0,RM129,RESIN PP TOTAL 4720WZ,RESIN
1,RM093,"RESIN, IMPACT PP, #5325",RESIN
2,RM160,"RESIN, POLYPROPYLENE",RESIN
3,FS10017466,,Formula Sheet
4,EXP6021,"Ink Cartridge, Imaje No. 9154E-4",PRINTER ACCESSORIES
5,PT00004155,"Label, Plain White, for the 1170/1155 Lot Gun, Marteck P/ FT-708",LABEL
6,EXP5013,"Container, Closing Tape 2 Inch, Clear Polreylene",CONTAINER
7,PT00009994,"Silicone Fluid, DOW CORNING Number 360, 12500 centiStokes",SILICON FLUID
8,X9901,"Ink Thinner, VD Trans Tech Part Number 1201011",PRINTER ACCESSORIES
9,EXP6001,"Rubber Band, No. 12",PACKAGING
10,FS10013527,,Formula Sheet
11,4101801,TIP 12 CC RAYCO WG2714 RUBBER TIP,SYRINGE
12,EXP1020,"Ink, Black, CAPEX 7600",PRINTER ACCESSORIES
13,4001801,"Rubber Tip, 12 mL, Latex Free",SYRINGE
14,4230505,"Ink, Black, Trans Tech PM 1, RNT Vendor PN: 1351366",PRINTER ACCESSORIES
15,FS20004491,,Formula Sheet
16,5241008,"Unprinted Label Stock, Thermal, 4 Inch x 8 Inch",LABEL
17,5500149,"Corrugated Case, Unprinted, 16.75 Inch x 14.125 Inch x 11.125 Inch",PACKAGING
18,301001,"Resin, Polypropylene PF 535",RESIN
19,400145,"Colorant, Lavender, Opaque, Concentrate",RESIN
20,5000109,"Gusseted Polybag, Unprinted, 24 Inch x 38 Inch x 16 Inch (Width x Length x Gusset)",PACKAGING
21,RM157,"RESIN, POLYPROPYLENE,",RESIN
22,FS10002904,,Formula Sheet
23,X98140,BLACK PAD INK,PRINTER ACCESSORIES
24,X98141,RED PAD INK,PRINTER ACCESSORIES
25,X98142,THINNER FOR PAD PRINTING,PRINTER ACCESSORIES
26,X98146,ADDITIVE FOR PAD PRINTER,PRINTER ACCESSORIES
27,FS10002956,,Formula Sheet
28,FS10002902,,Formula Sheet
29,FS10002903,,Formula Sheet
30,CL63R1778,"Corrugate Partition, 25.00 Inch x 10.50 Inch",PACKAGING
31,CL63R1777,"Corrugated Insert, Unprinted, 37.875 Inch x 10.625 Inch",PACKAGING
32,CL63R1776,"Corrugate Case, Printed, 25.25 Inch x 11.00 Inch x 21.50 Inch",PACKAGING
33,FS10002960,,Formula Sheet
34,RM171,"Resin, Random PP Co-P RP4915",RESIN
35,RM106,RESIN RANDOM PP CO-P #6824MZ,RESIN
36,RM004,"RESIN, RANDOM PP, R35C-01",RESIN
37,RM032,"TRANS RED, 50/1, #RPC-2226B",RESIN
38,FS10002835,,Formula Sheet
39,PT00052701,Liquid Trans Red,RESIN
40,RM170,"Colorant, Trans-Red, 50/1, PP32760698",RESIN
41,CL63R98334A,"(Cove) Printed Insert, SHARPSTAR IN-ROOM Containers",CONTAINER
42,R4415,"Overshipper Label, Unprinted, 4 Inch X 8 Inch",LABEL
43,FS10003086,,Formula Sheet
44,PT00006610,"(COV) Printed Product Label, Generic, Biohazard Waste Disposal Container, UDI Compliant",LABEL
45,RM220,YELLOW LIQUID #PP13642468,RESIN
46,RM026,"YELLOW, 25/1, PP, #YPC-3159-B",RESIN
47,FS10002898,,Formula Sheet
48,PT00062563,Yellow Liquid Colorant,RESIN
49,WP8935,12 GA HEAT STK LID DOOR &RAILS,
50,R1700,"Scored Lid Retention Insert, 18 Gallon B Tool, Unprinted",CONTAINER
51,R1690,"Corrugated Case, Unprinted, 18.750 Inch x 12.375 Inch x 42.6875 Inch",PACKAGING
52,CL63R9881A,"(COV) Printed Insert, Instruction Sheet, Lid, Biohazard Container, Various Reorder Nos.",CONTAINER
53,FS10003187,,Formula Sheet
54,PT00006635,"COV) Product Label, Printed, Biohazard, Sharps Containers, Various Reorder Nos. UDI Compliant",LABEL
55,EXP5050,"Printing Ribbon, Black, 8.66 Inch x 1476 Feet",PRINTER ACCESSORIES
56,4006202,"Plunger Tip, 12mL, Smooth, Black, Latex Free",SYRINGE
57,FS10028544,,Formula Sheet
58,WP7102,"Slide Top Lid Assembly, 1and 2 Gallon",CONTAINER
59,FS10002811,,Formula Sheet
60,PT00065936,Red Liquid Colorant,RESIN
61,RM054,"Colorant, Red, Concentrate",PACKAGING
62,R1698,"Corrugated Divider, Unprinted, 33.625 Inch x 20.25 Inch",PACKAGING
63,R1528A,"Corrugated Case, Printed, Generic, 20.375 Inch x 14.0 Inch x 15.75 Inch",PACKAGING
64,RM165,"Resin,  Greenwood blend, Pre - colored Red",RESIN
65,FS20001496,,Formula Sheet
66,FS10026364,,Formula Sheet
67,PT00033501,"Printed Insert, SHARPS-A-GATOR Sharps Container with Slide Top",CONTAINER
68,PT00006643,"(COV) Printed Product Label, Generic, Biohazard Waste Disposal Container SHARPS-A-GATOR, Various Reorder Nos. UDI Compliant",LABEL
69,301009,"Resin, Clarified Polypropylene, Grade P5M6K-080",RESIN
70,DC00005093,,Formula Sheet
71,5510509,"Corrugated Case, Unprinted, 16.75 Inch x 14.125 Inch x 8.5 Inch",PACKAGING
72,PT00006657,"Folding Carton, Printed, MONOJECT 10 mL Oral Syringe, CE Mark, UDI Compliant",PRINTER ACCESSORIES
73,PT00006674,"(COV)  Blank Label, 3 x1",LABEL
74,5000231,"Gusseted Polybag, Unprinted, 13.5 Inch x 14.25 Inch x 5.5 Inch",PACKAGING
75,7777129656,,NONE
76,4220125,"Print Tape, Black, 3 Inch Wide, B215SL",PRINTER ACCESSORIES
77,PT00033969,"Ink, Black, CAPEX 9100 Dense",PRINTER ACCESSORIES
78,FS10017988,,Formula Sheet
79,FS20003116,,Formula Sheet
80,FS10013524,,Formula Sheet
81,FS10023269,,Formula Sheet
82,5500148,"Corrugated Case, Unprinted, 18 Inch x 13 Inch x 17 Inch",PACKAGING
83,FS10022250,,Formula Sheet
84,DC00056758,,Formula Sheet
85,4001204,"Smooth Rubber Tip with Trim, 12 mL, Latex Free, Kokoku",RUBBER TIP
86,5170588,"Poly Bag, Gusseted, 22.5 Inch x 16.25 Inch x 42.00 Inch",RESIN
87,5542735,"Corrugated Case, Unprinted, 21-5/8 Inch x 15-1/4 Inch x 11-1/2 Inch",PACKAGING
88,FS10002889,,Formula Sheet
89,FS10002890,,Formula Sheet
90,FS10002891,,Formula Sheet
91,FS10002952,,Formula Sheet
92,FS10002974,,Formula Sheet
93,FS10002847,,Formula Sheet
94,CL63R1779,"Corrugated Case, Unprinted, 22.00 Inch x 14.00 Inch x 20.5 Inch",PACKAGING
95,CL63R1780,"Corrugate4d Insert, Unprinted, 37.5 Inch x 20.5 Inch",PACKAGING
96,FS10003137,,Formula Sheet
97,FS10020754,,Formula Sheet
98,PT00015631,"Folding Carton, Printed, MONOJECT 12 mL Syringe, Curved Tip (412), UDI Compliant",SYRINGE
99,PT00033972,"Ink, Black, ColorBond UV SPM V6 PN: 1460566-01LT, Reorder# D-831-0036",PRINTER ACCESSORIES
100,CL63R1706,"Corrugated Case, Printed, NovaPlus, 24.625 Inch x 13.875 Inch x 20.500 Inch",PACKAGING
101,FS10002997,,Formula Sheet
102,FS10003253,,Formula Sheet
103,R8550,8529 TRAY/HOLDER FOR 8520/8525,TRAY
104,R98180,"FOAM TAPE - 2 X 7-1/4""",PACKAGING
105,R9249D,Overshipper for 8529,CONTAINER
106,FS10003128,,Formula Sheet
107,RM074,UNIVERSAL BLACK CONCENTRATE,PRINTER ACCESSORIES
108,RM168,"Regrid Resin, Polypropylene Blend, Dark",RESIN
109,FS10023532,,Formula Sheet
110,WP8982,"Foam in Place Gasketed Lid, Hinged, 2 Gallon, White",CONTAINER
111,PT00005149,"(COV) Printed Insert, RCRA Waste Disposal Containers, Various Reorder Nos.",CONTAINER
112,WP0001PKG,"Label Kit, 20 Count",LABEL
113,FS10023531,,Formula Sheet
114,PT00006651,"(COV) Product Label, RCRA Hazardous Waste, Various Reorder Nos. UDI Compliant",LABEL
115,FS20001163,,Formula Sheet
116,PT00006688,"COV) Product Label, Universal Pharmaceutical Hazardous Waste PART NO: CL63R4423A UDI Compliant",LABEL
117,PT00067914,"Printed Instruction for Use (IFU), Universal Pharmaceutical  Waste Disposal Containers, Hinged Lid with Snap Cap",CONTAINER
118,WP7417P,"Slide Top, Foam In Place Lid, 12 and 18 Gallon Container, PGII",CONTAINER
119,RM176,"Resin, Polypropylene Impact Copolymer, Braskem TI6350WV",RESIN
120,FS10028183,,Formula Sheet
121,R5097,"Absorbent Pads, Large, 9-7/8 Inch x 5-5/8 Inch",PAD
122,R1292D,"Corrugate Case, Printed, Generic, Sharps and Chemotheraoy Waste Containers",CONTAINER
123,FS10003749,,Formula Sheet
124,PT00006653,"Product Label, Printed, CHEMOMAX Regulated Medical Waste Container UDI Compliant",LABEL
125,PT00012137,"Printed Insert, Instruction Sheet, SHARPSAFETY Chemotherapy Container and Sharps Container, Various Reorder No.",CONTAINER
126,FS10006125,,Formula Sheet
127,PT00065939,Trans Yellow Liquid Colorant,RESIN
128,RM260,TRANS YELLOW #PP11710084,RESIN
129,FS10006098,,Formula Sheet
130,PT00067913,"Printed Instruction for Use (IFU) , SHARPS-A-GATOR, Sharps Containers with Counterbalance Lid, Various Reorder Nos.",CONTAINER
131,PT00075579,"Gatorguard, Lid Assembly for 2 Gallon and 3 Gallon",CONTAINER
132,EXP6020,GLUE 34-25 HM160,PACKAGING
133,EXP6029,"Thermal Transfer Ribbon, General Wax, 4.33 Inch",PRINTER ACCESSORIES
134,FS10024556,,Formula Sheet
135,PT00033970,"Ink, Black, Bell-Mark IJ1910",PRINTER ACCESSORIES
136,EXP6027,"Ink Thinner, Apex Pad Printer, Capex 76F",PRINTER ACCESSORIES
137,RM025,"GREEN, 25/1, PP, #GHC-23793",RESIN
138,RM154,RED IN-HOUSE REGRIND FOR MW,RESIN
139,FS10006443,,Formula Sheet
140,CL63R98355,"(COV) Printed Insert, SHARPSAFETY Non-Infectious Glass Waste",CONTAINER
141,FS10006442,,Formula Sheet
142,PT00006671,"(COV) Product Label, Printed, Non-Infectious Glass Waste Disposal Container UDI Compliant",LABEL
143,PT00016495,"HINGED CHEMO LID, 12 & 18 GAL",CONTAINER
144,FS10006124,,Formula Sheet
145,FS10006090,,Formula Sheet
146,PT00033971,"Ink, Solvent X, Black, Bell Mark IJ5030",PRINTER ACCESSORIES
147,PT00055729,"Print Cliché, Biohazard Label for SHARP SAFETY Sharps Container, Black Portion",LABEL
148,PT00062605,"Print Cliché, Biohazard Label for Sharps Container, Orange Portion",LABEL
149,X98151,ORANGE PAD INK,PRINTER ACCESSORIES
150,WP8980-C,8 Gallon Locking Rotor Lid,CONTAINER
151,R1644A,"Corrugated Case, Printed, Generic, 19-3/8 Inch x 15-1/8 Inch x 21-7/8 Inch",PACKAGING
152,FS20001579,,Formula Sheet
153,FS10003210,,Formula Sheet
154,PT00012105,"Printed Insert, Instruction Sheet, SHARPSAFETY Hinged Lid Sharps Containers, Various Reorder No.",CONTAINER
155,DC00078714,,Formula Sheet
156,FS10011725,,Formula Sheet
157,FS10002848,,Formula Sheet
158,FS10003139,,Formula Sheet
159,FS10006131,,Formula Sheet
160,FS10006111,,Formula Sheet
161,PT00069525,"Gatorguard, Lid Assembly for 5 Quart",CONTAINER
162,PT00055730,"Print Cliché, Biohazard Label for SHARP-A-GATOR Sharps Container, Black Portion",LABEL
163,FS10006130,,Formula Sheet
164,FS10006109,,Formula Sheet
165,FS10002909,,Formula Sheet
166,FS10002910,,Formula Sheet
167,CL63R4153,"(COV) Product Label, Printed, Generic, Waste Disposal Container, Various Reorder Nos.",LABEL
168,R1378B,"Corrugated Case, Printed, Generic, 21.0 Inch x 10.125 Inch x 8.8125 Inch",PACKAGING
169,FS10003077,,Formula Sheet
170,PT00052518,"(COV) Printed Insert, 1 Quart Transportable Container, Reorder Nos. 8303BY and 8303SA",CONTAINER
171,WP8520N02,COWL/DOOR & LID ASSEM CLEAR,CONTAINER
172,FS10002864,,Formula Sheet
173,R1308D,"Corrugated Case, Printed, Generic, 23.5 Inch x 14.125 Inch x 13.875 Inch",PACKAGING
174,R1075,Z-PAD FOR 85321R,PAD
175,CL63R9870B,"(Cov) Printed Insert, Instruction Sheet,  IN-ROOM Sharps Lids",CONTAINER
176,FS10003132,,Formula Sheet
177,R1800,"Corrugated Divider, Unprinted, 44.17 Inch x 9.75 Inch",PACKAGING
178,R1704,O/S FOR THE SHARP STAR II,CONTAINER
179,R1705,SHARP STAR II INSERT DIVIDER,CONTAINER
180,FS10003134,,Formula Sheet
181,FS10006118,,Formula Sheet
182,FS10006080,,Formula Sheet
183,WP851201N,LID/DOOR SCOOP ASSY 5QT,CONTAINER
184,R1035,"Corrugated Divider, Unprinted, 33-1/8 Inch x 20-3/4 Inch",PACKAGING
185,R1320D,"Corrugated Case, Printed, Generic, 24-7/8 Inch x 17-1/4 Inch x 10-7/8 Inch",PACKAGING
186,FS10003099,,Formula Sheet
187,5510301,"Corrugated Case, Unprinted, 16.312 Inch x 12.938 Inch x 11 Inch",PACKAGING
188,FS10011723,,Formula Sheet
189,PT00015857,"Folding Carton, Printed, MONOJECT 12 mL Syringe, Luer Lock Tip UDI Compliant",SYRINGE
190,EXP6026,"INK, MAKE-UP, FLUID, MARKEM-IMAJE P/N 8188",PRINTER ACCESSORIES
191,FS10002834,,Formula Sheet
192,FS10003084,,Formula Sheet
193,WP8526,"Hinged Lid with Rotor, 3 Gallon, Clear",CONTAINER
194,FS10002865,,Formula Sheet
195,R1317D,Overshipper 25 Gallon Generic for 8535,PACKAGING
196,FS10003136,,Formula Sheet
197,WP8512U,"Lid, Door, Scoop Assmebly, 5 Quart Unwind",CONTAINER
198,FS10002836,,Formula Sheet
199,FS10003095,,Formula Sheet
200,WP8985,"Foam in Place Gasketed Lid, Single Pass, 8 Gallon",CONTAINER
201,FS10002825,,Formula Sheet
202,PT00013692,"Gasketed Lid, Single Pass, 8 Gallon",CONTAINER
203,FS10003221,,Formula Sheet
204,PT00006646,"(COV) Product Label, Printed, Generic, CHEMOSAFETY Waste Disposal Container UDI Compliant",LABEL
205,PT00012138,"Printed Insert, Instruction Sheet, SHARPSAFETY Gasketed Hinged Lid Sharps and Chemotherapy Containers, Various Reorder No.",CONTAINER
206,FS10003085,,Formula Sheet
207,FS10003140,,Formula Sheet
208,FS10002849,,Formula Sheet
209,WP8520N,COWL/DOOR & LID ASSEM CLEAR,CONTAINER
210,FS10003117,,Formula Sheet
211,CL63R1784,"Corrugated Carton, Unprinted, 21.875 Inch X 18.625 Inch",PACKAGING
212,FS10003126,,Formula Sheet
213,PT00049845,Corrugated Case 14.375? X 13.375? X 23?,PACKAGING
214,PT00049846,Corrugated Pad 14.25? x 23?,PACKAGING
215,FS10003094,,Formula Sheet
216,PT00015840,"Folding Carton, Printed, MONOJECT 12 mL Syringe, Regular Tip, UDI Compliant",SYRINGE
217,FS10017465,,Formula Sheet
218,PT00006682,"Folding Carton, Printed, MONOJECT 10 mL Oral Syringe, Amber, CE Mark, UDI Compliant",SYRINGE
219,420650,"Resin Concentrate, Milliken Clear Tint PP Amber 6298",RESIN
220,FS10012536,,Formula Sheet
221,CL63R1767A,Overshipper for V8506,CONTAINER
222,FS10029861,,Formula Sheet
223,FS10029846,,Formula Sheet
224,FS10017237,,Formula Sheet
225,CM285160000,Unit Box 12ml Soft Pack printed - Covidien,SYRINGE
226,5030483,"Shrink Film, Polyethylene, High Strength, Natural Color, 30.0 inch",PACKAGING
227,5170406,"Paper, Perfecseal 35733K, 587 mm Wide, 3 mil",PACKAGING
228,5170969,"PerfecSeal Film, 30653-EE, 7 mil, 607 mm",PACKAGING
229,5241006,"Thermal Transfer Label Roll, Unprinted, White, 4 Inch Length x 6 Inch Width",LABEL
230,5241008R,Label 4 x 8 No Perferation,LABEL
231,5510320,"Corrugated Case, Unprinted, 17.438 Inch x 11.063 Inch x 11.438 Inch",PACKAGING
232,FS10021591,,Formula Sheet
233,5170114,"Header Bag, TYVEK, Unprinted, 10 Inch x 20 Inch, Clear",PACKAGING
234,WP7605,ASSMBLY 5QT CLR TORTUOUS LID,CONTAINER
235,FS10006075,,Formula Sheet
236,R1680,PARTITION FOR 5 QT & 2-1/2 GAL,PACKAGING
237,R1679,PAD FOR 5 QT. & 2-1/2 QT,PAD
238,R1681,PARTITION  FOR 2-1/2 & 5 QT,PACKAGING
239,CL63R98407A,"(COV) Printed Insert, Instruction Sheet, 2-1/2 and 5 Qurat Containers",CONTAINER
240,PT00005527,"Corrugated Partition, Unassembled, Unprinted, 16.625 Inch x 13.5 Inch",PACKAGING
241,PT00005525,"Corrugated Case, Unprinted, Generic, 23 Inch x 13.625 Inch x 32 Inch",PACKAGING
242,FS10006050,,Formula Sheet
243,EXP5001,"Case Sealing Tape, 3 Inch, Clear, Reinforced",PACKAGING
244,5151171,"Folding Carton, Unprinted, 8.25 Inch x 5.5 Inch x 8.25 Inch",PACKAGING
245,5241005,"Thermal Transfer Label, Roll, Unprinted, White, 5 Inch Length x 4 Inch Width",LABEL
246,FS10026577,,Formula Sheet
247,R1697,UNPRINTED O/S FOR 1 GA GP,CONTAINER
248,CL63RR98416,Insert Sheet for 1 and 2 Gallon Private Label,LABEL
249,FS10007067,,Formula Sheet
250,PT00046937,"Overshipper Label, Preprinted with Fisherbrand Logo",LABEL
251,PT00047930,"Product Label, Printed, Fisherbrand (Private Label) 1 Quart Phlebotomy Container, UDI Compliant, Various Reorder Nos.",LABEL
252,WP8998,"FIP Gasketed Lid, Hinged, Chemotherapy, 18 Gallon",CONTAINER
253,FS10002870,,Formula Sheet
254,PT00013702,"Gasketed Lid, Hinged, Chemotherapy, 18 Gallon",CONTAINER
255,FS10003177,,Formula Sheet
256,FS10002893,,Formula Sheet
257,R7013,"Rotor, White",
258,FS10002953,,Formula Sheet
259,FS10002892,,Formula Sheet
260,R1149,"Corrugated Inner Carton, Unprinted, 12-3/4 Inch x 4-3/4 Inch x 15 Inch",PACKAGING
261,R1302D,"Corrugated Case, printed, Generic, 29.625 Inch X 13.125 Inch X 15.0 Inch",PACKAGING
262,CL63R9962A,"(COV) Printed Insert, Sharps Disposal Containers with Rotor Openings and AUTODROP Funnels",CONTAINER
263,FS10003045,,Formula Sheet
264,FS10002821,,Formula Sheet
265,R1481B,Overshipper for 8958,CONTAINER
266,FS10003191,,Formula Sheet
267,WP8979,See Thru Lid and Lock with Rotor Attached,CONTAINER
268,CL63R9876B,"(COV) Printed Insert, Instruction Sheet, Rotor Lid, Sharps Containers",CONTAINER
269,FS10003203,,Formula Sheet
270,3154021,"Barrel, 12 mL, SR, P5M6K-080",SYRINGE
271,WP7450BL,"Hot Air Staker PharmaSafety Lid, 8 Gallon",CONTAINER
272,FS10002824,,Formula Sheet
273,RM020,"WHITE,25/1, PP #WPC-3504",RESIN
274,PT00065942,White Liquid Colorant,RESIN
275,R4226A,"Product Label, Printed, 2-1/4 Inch x 3-5/8 Inch, PharmaSafety Containers",LABEL
276,CL63R98234,"(COV) Printed Insert, Instruction Sheet, PHARMASAFETY Containers",CONTAINER
277,FS10021628,,Formula Sheet
278,PT00006652,"(COV) Product Label, Printed, 5.0 Inch x 6.75 Inch, PHARMASAFETY Containers, Various Reorder Nos. UDI Compliant",LABEL
279,FS10003118,,Formula Sheet
280,FS20001578,,Formula Sheet
281,WP7483,12/18 GA BIO LID ASSM,CONTAINER
282,FS10002896,,Formula Sheet
283,FS10003231,,Formula Sheet
284,WP8510,LID/DOOR ASSEMBLED,CONTAINER
285,FS10002827,,Formula Sheet
286,R1324D,Overshipper for 85021,CONTAINER
287,CL63R9869A,"(COV) Printed Insert, IN-ROOM Sharps Disposal Units with Flap Doors, Various Reorder Nos.",CONTAINER
288,FS10003083,,Formula Sheet
289,WP7449,"Hotair Staked Chemotherapy Lid, 8 Gallon",CONTAINER
290,FS10021637,,Formula Sheet
291,WP0002PKG,"Label Kit, 5 Count",LABEL
292,FS20001166,,Formula Sheet
293,PT00067917,"Printed Instruction for Use (IFU), Universal Pharmaceutical  Waste Disposal Containers, Slide Lid",CONTAINER
294,WP7026,1 Quart 8900 Lid Packed into Inner Carton,CONTAINER
295,FS10002807,,Formula Sheet
296,CL63R1796,"Corrugated Case, Printed, Generic, 20.25 Inch x 14.75 nch x 17.50 Inch",PACKAGING
297,CL63R98337A,"(COV) Printed Insert, Phlebotomy 1 Quart Sharps Container",CONTAINER
298,FS10003166,,Formula Sheet
299,R5098,"Absorbent Pads, Small, 7-7/8 Inch x 3-1/4 Inch",PAD
300,CL63R9960A,"(COV) Printed Insert, Sharps Disposal System, Various Reorder Nos",CONTAINER
301,FS10028277,,Formula Sheet
302,PT00006655,"(COV) Product Label, Printed, Canada, CHEMOSAFETY Waste Disposal Container, Various Reorder Nos. UDI Compliant",LABEL
303,CL63R4445,"(COV) Product Label, Printed, Canada, CHEMOSAFETY Waste Disposal Container, Various Reorder Nos.",LABEL
304,FS10028282,,Formula Sheet
305,FS10017441,,Formula Sheet
306,WP7417,"Hot Air Staker Chemotherapy Lid, 12/18 Gallon",CONTAINER
307,FS10003188,,Formula Sheet
308,FS10026366,,Formula Sheet
309,PT00034301,"Label, Printed, Biohazard, McKesson Waste Disposal Container, Reorder No. 047",LABEL
310,PT00034377,"Instructions for Use (IFU) Insert, 2 Gallon, McKesson Private Label",LABEL
311,FS10006070,,Formula Sheet
312,FS10006055,,Formula Sheet
313,PT00033502,Insert Sheet for 2-1/2 and 5 Quart,TRAY
314,FS10003226,,Formula Sheet
315,WP8998P,"FIP Gasketed Lid, Hinged, 12 and 18 Gallon Container, PGII",CONTAINER
316,FS10028185,,Formula Sheet
317,PT00013694,"Gasketed Lid, Hinged, 12 and 18 Gallon Container, PGII",CONTAINER
318,FS10003741,,Formula Sheet
319,FS10028184,,Formula Sheet
320,FS10003738,,Formula Sheet
321,PT00006650,"(COV) Product Label, BIOMAX Regulated Medical Waste Container, Reorder Nos. 8998PG2, 8998SPG2, 8997PG2, 8997SPG2, 8932PG2, and 8936PG2 UDI Compliant",LABEL
322,WP3204,"Snap Cap and Lid Assembly, Biohazard",CONTAINER
323,FS10003229,,Formula Sheet
324,FS20006457,,Formula Sheet
325,PT00055216,"Insert Sheet, Printed, Enteral Syringe, Various Reorder No.",SYRINGE
326,CL63R1794,"Unit Box, Project Free",PACKAGING
327,R7642B,"Barrel, 12 mL",CONTAINER
328,R98399A,"Printed Insert, Generic, Sharps Container, Various Reorder Nos.",CONTAINER
329,R1565B,Overshipper for 7 & 10 Gallon,CONTAINER
330,WP4810,"Lid and Door Assembly, 7 and 10 Gallon Containers",CONTAINER
331,RM112,POLYPROPYLENE COPOLYMER MEDIUM,PACKAGING
332,FS10006154,,Formula Sheet
333,FS10006139,,Formula Sheet
334,R1246D,"Corrugated Case, Printed, Generic, 25.375 Inch x 14.25 Inch x 10.6875 Inch",PACKAGING
335,FS10003096,,Formula Sheet
336,WP8965N,"Cowl and Lid Assembly, Clear",CONTAINER
337,R2000,"Corrugated Divider, Unprinted, 40-3/4 Inch x 33-3/4 Inch",PACKAGING
338,R1300D,"Corrugated Case, Printed, Generic, 20.25 Inch x 17.0 Inch x 21.0 Inch",PACKAGING
339,FS10003196,,Formula Sheet
340,R8534,8974 TRAY/HOLDER FOR 2GAL CONT,TRAY
341,R98179,"FOAM TAPE 4"" X 4""",PACKAGING
342,R9801,ANTI SLIP TAPE FOR 8974,PACKAGING
343,R1025D,"Corrugated Case, Printed, Generic, 11.5 Inch x 8.0 Inch x 6.5 Inch",PACKAGING
344,FS10003206,,Formula Sheet
345,CL63R1770A,"Overshiper for NOVA PLUS, Product Code V8938",CONTAINER
346,FS10029847,,Formula Sheet
347,FS10002920,,Formula Sheet
348,RM201,"COLORANT, RED LIQUID COLOR FOR",RESIN
349,RM031,"RED, 50/1, PP, #RPC-667B",RESIN
350,FS10002799,,Formula Sheet
351,FS10002983,,Formula Sheet
352,R1057,H-DIVIDER FOR 8950SA,PACKAGING
353,R1306D,"Corrugated Case, Printed, Generic",PACKAGING
354,FS10003190,,Formula Sheet
355,PT00068806,"Product Label, Printed, Biohazard, Sharps Container Small Volume,Various Reorder Nos. UDI Compliant",LABEL
356,WP7026P,"1 Quart 8900 Lid Packed Into Inner Carton for PREVENT, Private label",LABEL
357,CL63R1771,"Corrugated Case, Printed, Generic, 20.25 Inch X 13.875 Inch X 14.75 Inch",PACKAGING
358,FS20001323,,Formula Sheet
359,PT00034305,"Instructions for Use (IFU) Insert, McKesson, Private Label Phlebotomy Sharps Containers Reorder No. 065",LABEL
360,PT00034306,"Label,  Printed, McKesson, Private label, BioHazard Waste Disposal Containers Reorder No. 065",LABEL
361,R1567,"Corrugated Divider, Unprinted, 36 Inch x 16-3/8 Inch",PACKAGING
362,FS10006156,,Formula Sheet
363,CL63R98396A,"(Cov) Printed Insert, Generic,      SHARPS-A-GATOR Sharps Container",CONTAINER
364,FS10006137,,Formula Sheet
365,PT00067912,"Printed Instruction for Use (IFU), Generic, SHARPS-A-GATOR Sharps Container",CONTAINER
366,FS10028977,,Formula Sheet
367,PT00006673,"Folding Carton, Printed, KANGAROO Purple Enteral Feeding Syringe, 10mL, UDI Compliant",SYRINGE
368,WP8836P,"PharmaSafety Lid, Door and Cowl",CONTAINER
369,FS10021547,,Formula Sheet
370,FS10006504,,Formula Sheet
371,PT00068805,"Product Label, Printed, Generic, SHARP SAFETY Waste Disposal Container UDI Compliant",LABEL
372,CL63R98482,"Printed Insert, Instruction Sheet, Non-Hazardous, Non-Biohazard, Pharmaceutical Waste Containers,Various Reorder Nos.",CONTAINER
373,WP8836PNB,"Pharmaceutical, Non Hazardous, Non Biohazard, Lid, Door and Cowl",CONTAINER
374,FS20002476,,Formula Sheet
375,PT00006677,"Product Label, Printed, Non-Hazardous, Non-Biohazard, Pharmaceutical Waste Containers,Various Reorder Nos. UDI Compliant",LABEL
376,FS20001513,,Formula Sheet
377,R7027MW,"Sharps Container, 1 Quart, 3% RM154 Red, In-house Regrind for Medical Waste",CONTAINER
378,FS10003165,,Formula Sheet
379,WP8860,"FIP Gasketed Lid, PharmaSafety, 12 and 18 Gallon",CONTAINER
380,FS10002897,,Formula Sheet
381,PT00013699,"Gasketed Lid, PharmaSafety, 12 and 18 Gallon",CONTAINER
382,FS10003163,,Formula Sheet
383,FS10028283,,Formula Sheet
384,FS10021636,,Formula Sheet
385,R98184,FOAM TAPE FOR 1523SA,PACKAGING
386,R1156C,"Corrugated Case, Printed, Generic, 10.5 Inch x 5.75 Inch x 4.625 Inch",PACKAGING
387,R7472,HOLDER FOR 2.2 QT. CONTAINER,CONTAINER
388,FS10003046,,Formula Sheet
389,PT00096177,"PharmaSafety Lid, Door and Cowl",CONTAINER
390,R8516-1HB,85161H WL ENCL BULK SHIPPED 1,CONTAINER
391,R8550LGB,8550LG - LRG. GLV BOX/BULK,CONTAINER
392,8507SA,,NONE
393,CL63R98346,"(COV) Printed Insert, IN-ROOM Sharps Disposal System",CONTAINER
394,R1635A,"Corrugated Case. Printed, Generic, 19.00 Inch x 12.9375 Inch x 5.125Inch",PACKAGING
395,FS10003153,,Formula Sheet
396,CL63R98173,"(COV) Printed Insert, Instruction Sheet, Drywall Anchors, Reorder No. 8556H",TRAY
397,PT00048792,3x5 Ziploc bag,PACKAGING
398,R98189,SHEET METAL SCREW,PACKAGING
399,R98190,PLASTIC DRYWALL ANCHOR,PACKAGING
400,FS10002888,,Formula Sheet
401,FS10003167,,Formula Sheet
402,FS10002816,,Formula Sheet
403,WP8825,2GAL PharmaSafety FIP SNAP CAP,CONTAINER
404,FS10003159,,Formula Sheet
405,PT00068803,"Product Label, Printed, 5.0 Inch x 6.75 Inch, PHARMASAFETY Containers, with fill line Various Reorder Nos. UDI Compliant",LABEL
406,FS10028182,,Formula Sheet
407,FS10003746,,Formula Sheet
408,FS10028174,,Formula Sheet
409,FS10003742,,Formula Sheet
410,FS10006146,,Formula Sheet
411,PT00034294,"Instructions for Use (IFU) Insert, McKesson Private Label, 8 Gallon, Reorder No. 80-8705",LABEL
412,PT00046145,"Label, Printed, Product, McKesson Private Label, Reorder No. 80-8705",LABEL
413,DC00041675,,Formula Sheet
414,FS10003182,,Formula Sheet
415,FS20001205,,Formula Sheet
416,WP8999,"FIP Gasketed Lid, Hinged, 12/18 Gallon",CONTAINER
417,PT00013703,"Gasketed Lid, Hinged, 12/18 Gallon",CONTAINER
418,FS10003239,,Formula Sheet
419,WP8986,"Foam in Place Gasketed Lid, Hinged, 8 Gallon",CONTAINER
420,PT00013707,"Gasketed Lid, Hinged, 8 Gallon",CONTAINER
421,FS10003237,,Formula Sheet
422,FS10003101,,Formula Sheet
423,CL63R1769B,"Overshiper for NOVA PLUS, Product Code V8870",CONTAINER
424,FS10029848,,Formula Sheet
425,FS10021635,,Formula Sheet
426,FS10028809,,Formula Sheet
427,FS10003185,,Formula Sheet
428,FS10002869,,Formula Sheet
429,FS10003162,,Formula Sheet
430,CL63R1603,"Corrugated Case, Printed, NovaPlus, 2 Gallon Sharps Disposal Container",CONTAINER
431,FS10003255,,Formula Sheet
432,FS10026367,,Formula Sheet
433,FS10002815,,Formula Sheet
434,FS10003199,,Formula Sheet
435,FS10006041,,Formula Sheet
436,FS10007061,,Formula Sheet
437,CL63R1654,"Corrugated Case, Printed, NovaPlus, 19.375 Inch x 15.125 Inch x 21.875 Inch",PACKAGING
438,FS10003257,,Formula Sheet
439,FS10006157,,Formula Sheet
440,FS10006143,,Formula Sheet
441,FS20001167,,Formula Sheet
442,PT00067916,"Printed Instruction for Use (IFU), Universal Pharmaceutical  Waste Disposal Containers, Hinged Lid",CONTAINER
443,FS10003215,,Formula Sheet
444,FS10021634,,Formula Sheet
445,FS10003747,,Formula Sheet
446,WP7418,"Slide Top Hinged Gasketed Lid, 12 and 18 Gallon",CONTAINER
447,FS10003240,,Formula Sheet
448,FS10003739,,Formula Sheet
449,WP7478,CHEMO CAP DISC ASSM,
450,FS10003699,,Formula Sheet
451,X9894,PURGING SOLVENT S-235 A,
452,X9898,Videojet Ink V411-D,PRINTER ACCESSORIES
453,X9899,Videojet Makeup Fluid V706-D,PRINTER ACCESSORIES
454,R98027,FOAM IN PLACE GASKET MATERIAL,PACKAGING
455,R98028,"FOAM IN PLACE GASKET MATERIAL,",PACKAGING
456,FS10007077,,Formula Sheet
457,WP7477,"Chemotherapy Hood with Printed Instruction Label, 8 /12 /18 Gallon",LABEL
458,PT00012252,"Foam in Place (FIP) Gasketed Lid, Slide To[p, 12 and 18 Gallon Container, PGII",CONTAINER
459,FS10003697,,Formula Sheet
460,R4237,"Product Label, Printed, Biomax Dot, Sharps Containers, Various Reorder Nos.",LABEL
461,FS10002875,,Formula Sheet
462,FS10007078,,Formula Sheet
463,PT00012250,"Foam in Place (FIP) Gasketed Lid, Chemotherapy, 12 and 18 Gallon",CONTAINER
464,FS10002948,,Formula Sheet
465,WP8520U,COWL & LID ASSM UNWINDER,CONTAINER
466,FS10003120,,Formula Sheet
467,FS10003233,,Formula Sheet
468,FS10021633,,Formula Sheet
469,FS10021632,,Formula Sheet
470,FS10028285,,Formula Sheet
471,FS10003181,,Formula Sheet
472,FS10002817,,Formula Sheet
473,FS10003217,,Formula Sheet
474,PT00068683,"Product Label, Printed, Generic, With Fill Line, CHEMOSAFETY Waste Disposal Container, UDI Compliant",LABEL
475,FS10002871,,Formula Sheet
476,FS10002872,,Formula Sheet
477,FS10002873,,Formula Sheet
478,FS10002982,,Formula Sheet
479,FS10002880,,Formula Sheet
480,CL63R3908,"(COV) Printed Label, Waste Disposal Container, Lid Instructions, Generic, Various Reorder Nos. Symbol No. CL63R3908",CONTAINER
481,FS10027264,,Formula Sheet
482,CL63R1781,"Corrugated Case, Unprinted, 24.25 x 14.25 x 26.5 Inch",PACKAGING
483,CL63R1782,"Corrugated Pad, Urinted, 11.25 Inch x 14.125 Inch",PACKAGING
484,CL63R1783,"Corrugate Partition, Unprinted,  26.25 Inch x 26.5 Inch",PACKAGING
485,FS10023483,,Formula Sheet
486,FS10023482,,Formula Sheet
487,FS10023481,,Formula Sheet
488,FS10006169,,Formula Sheet
489,FS10006132,,Formula Sheet
490,FS10026368,,Formula Sheet
491,FS10002818,,Formula Sheet
492,PT00044728,1 Slot Unassembled Partition  16.00 Inch X 14.00 Inch,TRAY
493,PT00044732,1 Slot Unassembled Partition  16.00 Inch X 20.375 Inch,TRAY
494,PT00044733,Corrugated Insert 5.625 Inch X 6.625 Inch,PACKAGING
495,WP8540,SS4 HOOD LID & DOOR ASSEMBLY,CONTAINER
496,FS10007855,,Formula Sheet
497,FS10007851,,Formula Sheet
498,WP3206,LID & SNAP CAP ASSEM/NO GASKET,CONTAINER
499,FS10003230,,Formula Sheet
500,DC00005796,,Formula Sheet
501,FS10002826,,Formula Sheet
502,FS10003080,,Formula Sheet
503,WP7024K,Clear 2 Gallon Auto Drop Rotor Lid,CONTAINER
504,FS10003047,,Formula Sheet
505,DC00072177,,Formula Sheet
506,PT00065943,Blue Liquid Colorant,RESIN
507,PT00089213,"Label, Biohazard Used Medical Device",LABEL
508,PT00096202,"FIP Gasketed Lid, Hinged, 12 and 18 Gallon Container, PGII, Sustainable Technologies",CONTAINER
509,DC00072176,,Formula Sheet
510,CL63R1653,"Corrugated Case, Printed, NovaPlus, 19.375 Inch x 15.125 Inch x 21.875 Inch",PACKAGING
511,FS10003256,,Formula Sheet
512,FS20003060,,Formula Sheet
513,CM285160071,Corrugated Carton Smartip 12ml Covidien,PACKAGING
514,4500906,SMARTIP Cannula,SYRINGE
515,FS10002863,,Formula Sheet
516,FS10003131,,Formula Sheet
517,R8930LA,BIOMAX FOAM IN PLACE LID,CONTAINER
518,R1474,"Corrugated Divider, Unprinted, 39-3/8 Inch x 11 Inch",PACKAGING
519,CL63R98211,Covidien Instruction Sheet for 30 Gallon,CONTAINER
520,FS10002922,,Formula Sheet
521,R1741,UNPRINTED O/S FOR 30 GALLON,CONTAINER
522,R5104,ABSRBANT PADS LG 9-7/8 X 5-5/8,PAD
523,PT00012247,BIOMAX Foam in Place Lid,CONTAINER
524,FS10003176,,Formula Sheet
525,PT00068808,"Printed Product Label, Waste Disposal Container, Reorder No. 8930SA UDI Compliant",LABEL
526,FS10006155,,Formula Sheet
527,FS10006136,,Formula Sheet
528,FS10003208,,Formula Sheet
529,FS10006135,,Formula Sheet
530,FS10003205,,Formula Sheet
531,FS10002868,,Formula Sheet
532,FS10028284,,Formula Sheet
533,FS10025555,,Formula Sheet
534,FS10003740,,Formula Sheet
535,FS10028280,,Formula Sheet
536,WP8964,LID AND ROTOR ASSEMBLY,CONTAINER
537,FS20001497,,Formula Sheet
538,CL63R98226,"(COV) Printed Insert, Assembly and Usage Instructions, Reorder No. 8964",
539,R1471B,"Corrugated Case, Printed, Generic, 31.0 Inch x 12.5 Inch x 13.875 Inch",PACKAGING
540,FS10003195,,Formula Sheet
541,FS10024418,,Formula Sheet
542,FS10003748,,Formula Sheet
543,FS10003224,,Formula Sheet
544,R8535,TRAY / HOLDER FOR 8515,TRAY
545,R9242D,Overshipper for 8515,CONTAINER
546,FS10003103,,Formula Sheet
547,FS10002810,,Formula Sheet
548,FS10003169,,Formula Sheet
549,FS10006068,,Formula Sheet
550,FS10006039,,Formula Sheet
551,FS10003138,,Formula Sheet
552,WP8965U,COWL & LID ASSM UNWINDER,CONTAINER
553,FS10003201,,Formula Sheet
554,FS20001169,,Formula Sheet
555,WP8965MW,COWL & LID ASSY MED.WASTE,CONTAINER
556,FS10003200,,Formula Sheet
557,FS10003184,,Formula Sheet
558,WP7445,8 GA HEAT STK LID RAILS DOORS,CONTAINER
559,FS10003214,,Formula Sheet
560,FS10003123,,Formula Sheet
561,FS10002918,,Formula Sheet
562,WP8920,8920 LID & LOCKING ROTOR ATT.,CONTAINER
563,R1158,DIVIDER FOR 8920,PACKAGING
564,R1160D,"Corrugated Case, Printed, Generic",PACKAGING
565,FS10003174,,Formula Sheet
566,FS10003348,,Formula Sheet
567,PT00016498,WHITE 8 GAL HINGED LID (X9820),CONTAINER
568,FS10003346,,Formula Sheet
569,FS10028269,,Formula Sheet
570,R7611,19 GAL BIPCO LID,CONTAINER
571,R1749,"Corrugated Scored Sheet, Unprinted, 15.875 Inch x 38.375 Inch, Holds 3 EA Lids, Reorder Nos. 31378089 and 31378097",PACKAGING
572,R1748,"Corrugated Case, Unprinted, 16.250 Inch x 16.250 Inch x 41.875 Inch, Reorder Nos. 31378089 and 31378097",PACKAGING
573,R1750,"Corrugated Scored Sheet, Unprinted, 30.125 Inch x 10.250 Inch, Supports 2 Lids, Reorder Nos. 31378089 & 31378097",PACKAGING
574,CL63R98461A,"Printed Insert, SHARPS-A-GATOR and CHEM-O-GATOR 19 Gallon Container",CONTAINER
575,FS10028268,,Formula Sheet
576,PT00006659,"Product Label, Printed, SHARPS-A-GATOR Sharps Collection and Disposal System, UDI Compliant",LABEL
577,R7637,3-1/2 GAL TORTUOUS PATH LID,CONTAINER
578,FS10024028,,Formula Sheet
579,R1695,INSERT DIVIDER FOR 3-1/2 GAL,PACKAGING
580,R1694,U-PAD SCORED INSERT 3-1/2 GAL,PAD
581,R98405B,INST SHT FOR 3-1/2 GAL #884106,PACKAGING
582,R1693,O/S FOR 3-1/2 GAL CONT,CONTAINER
583,FS10006051,,Formula Sheet
584,FS20005412,,Formula Sheet
585,FS10025554,,Formula Sheet
586,FS10002802,,Formula Sheet
587,FS10002990,,Formula Sheet
588,PT00103021,"Resin, Polypropylene Impact Copolymer, Philips 66 COPYLENE CM350LN",RESIN
589,FS10003183,,Formula Sheet
590,DC00077846,,Formula Sheet
591,FS10002912,,Formula Sheet
592,DC00030203,,Formula Sheet
593,RM169,"Resin, Polypropylene",RESIN
594,FS20005529,,Formula Sheet
595,FS10002829,,Formula Sheet
596,FS10002964,,Formula Sheet
597,FS10007854,,Formula Sheet
598,FS10007848,,Formula Sheet
599,FS10028181,,Formula Sheet
600,FS10029259,,Formula Sheet
601,FS10003180,,Formula Sheet
602,FS10003178,,Formula Sheet
603,FS10023270,,Formula Sheet
604,PT00104295,"Sharps Container (SB), Yellow, 10 Gallon",CONTAINER
605,R8554B,8554 DBL-UP WALL BRKT BULK,PACKAGING
606,R1293D,"Corrugated Case, Printed, Generic, 21.5 Inch x 7.1875 Inch x 12.25 Inch",PACKAGING
607,FS10003143,,Formula Sheet
608,FS10006121,,Formula Sheet
609,FS10006087,,Formula Sheet
610,WP7450,"Slide Top Hinged Gasketed Lid, 8 Gallon",CONTAINER
611,FS10003238,,Formula Sheet
612,WP8850,8 GAL.PharmaSafety FIP GKT LID,CONTAINER
613,PT00013696,"Gasketed Lid, PharmaSafety, 8 Gallon Container",CONTAINER
614,FS10003161,,Formula Sheet
615,WP7417BL,"Hot Air Staker PharmaSafety Lid, 12/18 Gallon",CONTAINER
616,FS20005713,,Formula Sheet
617,FS10021624,,Formula Sheet
618,WP7409,HOLDER BODY ASSEMBLED-BULKED,PACKAGING
619,R3712,BAG-CLEAR POLY FOR AUTODROP,PACKAGING
620,R1333D,Overshipper for 1511,CONTAINER
621,CL63R9828,"(COV) Printed Insert, Instruction Sheet, AUTODROP Holder, Various Reorder Nos.",CONTAINER
622,CL63R98338,"(COV) Printed Insert, AUTODROP Blood Needle Holder System",CONTAINER
623,FS10003043,,Formula Sheet
624,R7421BL,BLUE THREAD DISP FOR AUTODROP,CONTAINER
625,R7408,DISPOSABLE THREAD,CONTAINER
626,R1338D,Overshipper for 1510,CONTAINER
627,FS10003042,,Formula Sheet
628,PT00006672,"Plastic Bag, Printed, AUTODROP Blood Needle Holder System UDI Compliant",CONTAINER
629,R7028MW,"2 Gallon, 3% RM154 Red, In-house Regrind for Medical Waste",CONTAINER
630,FS10003209,,Formula Sheet
631,FS20002477,,Formula Sheet
632,R7089W-1,"2 GAL. HINGED LID, WHT, NO CAP",CONTAINER
633,FS10003349,,Formula Sheet
634,FS10003347,,Formula Sheet
635,CL63R1146,"Corrugated Case, Printed, NovaPlus, 20.25 Inch x 17.625 Inch x 14.5 Inch",PACKAGING
636,FS10003254,,Formula Sheet
637,FS10003743,,Formula Sheet
638,FS10006505,,Formula Sheet
639,RM070,BLUE COLORANT 25/1 BPC23456,RESIN
640,FS10006506,,Formula Sheet
641,FS10006507,,Formula Sheet
642,3201413,3 Lobe Plunger Phantom,
643,R9806,TRAY FOR 2 GAL IN-ROOM SERIES,TRAY
644,R1073D,"Corrugated Case, Printed, Generic, 14.375 Inch x 7.875 Inch x 6.5 Inch",PACKAGING
645,FS10003141,,Formula Sheet
646,FS10003744,,Formula Sheet
647,CL63R1040,"Corrugated Case, Printed, NovaPlus, 25.375 Inch x 14.25 Inch x 10.6875 Inch",PACKAGING
648,FS10003252,,Formula Sheet
649,FS20002479,,Formula Sheet
650,FS20002475,,Formula Sheet
651,FS20001170,,Formula Sheet
652,FS10002806,,Formula Sheet
653,CL63R98474A,"Printed Insert, FISHER HEALTHCARE, Phlebotomy Sharps Containers Reorder No. 31325410",CONTAINER
654,CL63R1773,"Corrugated Case, Printed, Generic, 22.0 Inch X 10.875 Inch X 4.5 Inch",PACKAGING
655,CL63R1774,"Corrugated  Insert, Unprinted 18.75 Inch X 4.5 Inch",PACKAGING
656,FS20001322,,Formula Sheet
657,PT00047934,"Product Label, Printed, Private Label, Fisherbrand, Biohazard Waste Disposal Containers, Reorder No. 31325410",LABEL
658,WP7029N,ASSEM.OF 8910 HOLDER&FOAM TAPE,PACKAGING
659,R9366D,Overshipper for 8910,CONTAINER
660,FS10003172,,Formula Sheet
661,FS20001165,,Formula Sheet
662,FS10002877,,Formula Sheet
663,FS10002878,,Formula Sheet
664,FS10002874,,Formula Sheet
665,FS10002949,,Formula Sheet
666,FS10006129,,Formula Sheet
667,R4395,"Product Label, Printed, RCRA Hazardous Waste, Fill Line, Various Reorder Nos.",LABEL
668,WP0003PKG,"Label Kit, 14 Count",LABEL
669,FS20001164,,Formula Sheet
670,PT00067915,"Printed Instruction for Use (IFU), Universal Pharmaceutical  Waste Disposal Containers, Counterbalance Lid",CONTAINER
671,PT00075580,"RCRA Lid Assembly, Black",CONTAINER
672,FS10007693,,Formula Sheet
673,FS10007694,,Formula Sheet
674,FS10007692,,Formula Sheet
675,FS10007696,,Formula Sheet
676,FS10007689,,Formula Sheet
677,R98350,"HOT STAMP FOIL - RED 1-1/4""",PACKAGING
678,R98034,HOT STAMP FOIL - GLOSS BLACK,PACKAGING
679,FS20002480,,Formula Sheet
680,WP7450BLNB,"Hot Air Staker, Non Hazardous, Non Biohazard, Pharmaceutical, Lid, 8 Gallon",CONTAINER
681,FS20002478,,Formula Sheet
682,FS10003745,,Formula Sheet
683,PT00005153,"(COV) Printed Insert, RCRA 5 Quart Waste Disposal Containers, Various Reorder Nos.",CONTAINER
684,FS10027014,,Formula Sheet
685,FS10007691,,Formula Sheet
686,FS10026587,,Formula Sheet
687,R7616,Sliding Door,CONTAINER
688,FS10026576,,Formula Sheet
689,PT00096237,2GAL FIP SNAP CAP  Sustainable Technologies,CONTAINER
690,DC00072178,,Formula Sheet
691,DC00071388,,Formula Sheet
692,FS10003133,,Formula Sheet
693,R7046MW,Changes per project R00000513: ?	Added RM165 to the BOM,
694,R7626,HOLDER FOR SSIV,TRAY
695,R1626A,Overshipper for 8549SA,CONTAINER
696,FS10010281,,Formula Sheet
697,PT00016490,12/18 GAL. HINGED CHEMO LID,CONTAINER
698,FS10013540,,Formula Sheet
699,R7545,HIDDEN BRCKET KEY MLDED(X7004),
700,R1594,O/S FOR KEYS - HIDDEN BRACKET,
701,FS10006161,,Formula Sheet
702,CL63R1768B,Overshipper for NovaPlus V8618 - Covidien  Rebranded,CONTAINER
703,FS10029849,,Formula Sheet
704,FS20001168,,Formula Sheet
705,FS10002820,,Formula Sheet
706,R7028NMW,"Container, 2 Gallon, 3% Medical Waste",CONTAINER
707,FS10020813,,Formula Sheet
708,4502575,,NONE
709,WP7417BLNB,"Hot Air Staker, Non Hazardous, Non Biohazard, Pharmaceutical, Lid, 12/18 Gallon",CONTAINER
710,FS20002481,,Formula Sheet
711,FS10002947,,Formula Sheet
712,R7417,LID CHEMOBASE 12/18 GAL(X1363),CONTAINER
713,FS10013324,,Formula Sheet
